{"cameraMode":{"drawMode":0,"name":"Shaded","section":"Shading Mode"},"sceneLighting":true,"audioPlay":false,"sceneViewState":{"m_AlwaysRefresh":false,"showFog":true,"showSkybox":true,"showFlares":true,"showImageEffects":true,"showParticleSystems":true,"showVisualEffectGraphs":true,"m_FxEnabled":true},"in2DMode":false,"pivot":{"x":-0.24045266211032868,"y":-6.150869846343994,"z":19.016355514526368},"rotation":{"x":0.19261781871318818,"y":-0.005223662126809359,"z":0.0009655712638050318,"w":0.9813792109489441},"size":12.12435531616211,"orthographic":false}